No,순번,본부명,소방서,주소,전화번호,주소(정),경도,위도,상태
1,1,서울소방재난본부,종로소방서,서울특별시 종로구 종로1길 28(수송동),02-735-6119,서울특별시 종로구 종로1길 28(수송동),126.978907888729,37.5728498408425,정좌표
2,2,서울소방재난본부,중부소방서,서울특별시 중구 퇴계로 394(무학동),02-2234-0119,서울특별시 중구 퇴계로 394(무학동),127.015378843602,37.5648660247626,정좌표
3,3,서울소방재난본부,광진소방서,서울특별시 광진구 광나루로 480(구의동),02-457-0119,서울특별시 광진구 광나루로 480(구의동),127.082778686238,37.5448273491392,정좌표
4,4,서울소방재난본부,용산소방서,서울특별시 용산구 한강대로 167(한강로2가),02-794-0119,서울특별시 용산구 한강대로 167(한강로2가),126.971507147937,37.5341085280183,정좌표
5,5,서울소방재난본부,동대문소방서,서울특별시 동대문구 장한로 34(장안동),02-2249-0119,서울특별시 동대문구 장한로 34(장안동),127.066709989213,37.5638420813043,정좌표
6,6,서울소방재난본부,중랑소방서,서울특별시 중랑구 신내로 183(신내동),02-3423-0119,서울특별시 중랑구 신내로 183(신내동),127.094884861454,37.6153830846235,정좌표
7,7,서울소방재난본부,영등포소방서,서울특별시 영등포구 문래로 197(영등포동4가),02-2675-0119,서울특별시 영등포구 문래로 197(영등포동4가),126.904189124445,37.5184392565295,정좌표
8,8,서울소방재난본부,성북소방서,서울특별시 성북구 종암로 27길 3(종암동),02-921-0119,서울특별시 성북구 종암로 27길 3(종암동),127.031746996734,37.6024214065716,정좌표
9,9,서울소방재난본부,강북소방서,서울특별시 강북구 보건소길 2(번동),02-6946-0119,서울특별시 강북구 보건소길 2(번동),127.004784654989,37.6470062648099,인근좌표
10,10,서울소방재난본부,도봉소방서,서울특별시 도봉구 도봉로 666(방학동),02-3492-3437,서울특별시 도봉구 도봉로 666(방학동),127.043096984986,37.6636453552882,정좌표
11,11,서울소방재난본부,노원소방서,서울특별시 노원구 한글비석로 1길 8(하계동),02-977-0119,서울특별시 노원구 한글비석로 1길 8(하계동),127.071107339414,37.6382551285826,정좌표
12,12,서울소방재난본부,은평소방서,서울특별시 은평구 통일로 962(진관동),02-355-0119,서울특별시 은평구 통일로 962(진관동),126.920196978205,37.6287430441443,정좌표
13,13,서울소방재난본부,서대문소방서,서울특별시 서대문구 연희로 182(연희동),02-3144-1190,서울특별시 서대문구 연희로 182(연희동),126.935996474908,37.5732058691259,정좌표
14,14,서울소방재난본부,마포소방서,서울특별시 마포구 창전로 76(신수동),02-716-0604,서울특별시 마포구 창전로 76(신수동),126.933228592582,37.5490736784942,정좌표
15,15,서울소방재난본부,강남소방서,서울특별시 강남구 테헤란로 629(삼성동),02-553-3315,서울특별시 강남구 테헤란로 629(삼성동),127.066828873176,37.5102771948081,정좌표
16,16,서울소방재난본부,서초소방서,서울특별시 서초구 사평대로 67(반포동),02-537-0119,서울특별시 서초구 사평대로 67(반포동),126.992025168116,37.4987888413285,정좌표
17,17,서울소방재난본부,관악소방서,서울특별시 관악구 관악로 97(봉천동),02-874-8119,서울특별시 관악구 관악로 97(봉천동),126.952686760258,37.4741266608285,정좌표
18,18,서울소방재난본부,동작소방서,서울특별시 동작구 여의대방로16길 55(신대방동),02-847-1190,서울특별시 동작구 여의대방로16길 55(신대방동),126.917718977426,37.4946737759618,정좌표
19,19,서울소방재난본부,강서소방서,서울특별시 강서구 양천로 550(등촌동),02-3663-0119,서울특별시 강서구 양천로 550(등촌동),126.859758112338,37.5579606361409,정좌표
20,20,서울소방재난본부,양천소방서,서울특별시 양천구 목동서로 180(목동),02-2655-1119,서울특별시 양천구 목동서로 180(목동),126.872341553474,37.5302352033935,정좌표
21,21,서울소방재난본부,강동소방서,서울특별시 강동구 성내로 39(성내동),02-470-0119,서울특별시 강동구 성내로 39(성내동),127.125282648794,37.5293785843842,정좌표
22,22,서울소방재난본부,송파소방서,서울특별시 송파구 오금로51길 56(마천동),02-403-2119,서울특별시 송파구 오금로51길 56(마천동),127.142592765256,37.4998350066004,정좌표
23,23,서울소방재난본부,구로소방서,서울특별시 구로구 경인로 408(고척동),02-2618-0119,서울특별시 구로구 경인로 408(고척동),126.865215227799,37.4977924053507,정좌표
24,24,서울소방재난본부,성동소방서,서울특별시 성동구 살곶이길 331(행당동),02-2622-1777,서울특별시 성동구 살곶이길 331(행당동),127.039484940963,37.5537565722967,정좌표
25,25,부산소방안전본부,중부소방서,부산광역시 중구 중앙대로 110(중앙동4가),051-760-4180,부산광역시 중구 중앙대로 110(중앙동4가),129.036729647414,35.1071096414683,정좌표
26,26,부산소방안전본부,부산진소방서,부산광역시 동구 범일로 115(범일동),051-760-4280,부산광역시 동구 범일로 115(범일동),129.059045963164,35.1404333109646,정좌표
27,27,부산소방안전본부,동래소방서,부산광역시 연제구 고분로 216(연산동),051-760-4380,부산광역시 연제구 고분로 216(연산동),129.105746501817,35.1834416683785,정좌표
28,28,부산소방안전본부,북부소방서,부산광역시 사상구 삼덕로 17(삼락동),051-760-4480,부산광역시 사상구 삼덕로 17(삼락동),128.978473110815,35.1745880234864,정좌표
29,29,부산소방안전본부,사하소방서,부산광역시 사하구 장평로 270(신평동),051-760-4500,부산광역시 사하구 장평로 270(신평동),128.973411554653,35.0906364907454,정좌표
30,30,부산소방안전본부,해운대소방서,부산광역시 해운대구 해운대해변로 106(우동),051-760-4600,부산광역시 해운대구 해운대해변로 106(우동),129.143703314643,35.1595596598417,정좌표
31,31,부산소방안전본부,금정소방서,부산광역시 금정구 중앙대로 1789(부곡동),051-760-4780,부산광역시 금정구 중앙대로 1789(부곡동),129.092792551988,35.2440511511761,정좌표
32,32,부산소방안전본부,남부소방서,부산광역시 수영구 광일로 64(광안동),051-760-4880,부산광역시 수영구 광일로 64(광안동),129.107041216981,35.1631610761748,정좌표
33,33,부산소방안전본부,강서소방서,부산광역시 강서구 녹산산단361로 9(송정동),051-760-5080,부산광역시 강서구 녹산산단361로 9(송정동),128.856793511147,35.0895960147994,정좌표
34,34,부산소방안전본부,기장소방서,부산광역시 기장군 정관면 용수로 7,051-760-5100,부산광역시 기장군 정관면 용수로 7,129.179900226704,35.3248180612538,정좌표
35,35,부산소방안전본부,항만소방서,부산광역시 영도구 해양로 297(동삼동),051-760-4980,부산광역시 영도구 해양로 297(동삼동),129.076864473421,35.0817884947626,정좌표
36,36,대구소방안전본부,중부소방서,대구광역시 중구 달구벌대로 1926,053-601-4517,대구광역시 중구 달구벌대로 1926,128.575134929452,35.8621614522406,정좌표
37,37,대구소방안전본부,동부소방서,대구광역시 동구 동대구로 507,053-601-4317,대구광역시 동구 동대구로 507,128.625221229788,35.8759845387211,정좌표
38,38,대구소방안전본부,서부소방서,대구광역시 서구 달서천로 186,053-320-4499,대구광역시 서구 달서천로 186,128.554385834193,35.8818754260479,정좌표
39,39,대구소방안전본부,북부소방서,대구광역시 북구 칠성남로 112,053-350-4700,대구광역시 북구 칠성남로 112,128.592314468581,35.8780012694154,정좌표
40,40,대구소방안전본부,수성소방서,대구광역시 수성구 청호로 87,053-780-5213,대구광역시 수성구 청호로 87,128.644225423966,35.8254698290568,정좌표
41,41,대구소방안전본부,달서소방서,대구광역시 달서구 학산로 75 ,053-607-2216,대구광역시 달서구 학산로 75 ,128.534732825606,35.8310604306612,정좌표
42,42,대구소방안전본부,달성소방서,대구광역시 달성군 현풍면 비슬로 480,053-670-5200,대구광역시 달성군 현풍면 비슬로 480,128.446945562932,35.6824952661062,정좌표
43,43,대구소방안전본부,강서소방서,대구광역시 달성군 다사읍 달구벌대로 920,053-601-4600,대구광역시 달성군 다사읍 달구벌대로 920,128.467426114122,35.8554227373193,정좌표
44,44,인천소방본부,중부소방서,인천시 중구 인중로 204(항동),032-870-5115,인천광역시 중구 인중로 204(항동),126.622570643686,37.4702265953226,정좌표
45,45,인천소방본부,남동소방서,인천시 부평구 부평대로 324(갈산동),032-870-5210,인천광역시 부평구 부평대로 324(갈산동),126.722150358707,37.5202266345115,정좌표
46,46,인천소방본부,부평소방서,인천시 남동구 인주대로 714(구월동),032-723-5310,인천광역시 남동구 인주대로 714(구월동),126.716298100332,37.4489984826265,정좌표
47,47,인천소방본부,서부소방서,인천시 서구 서곶로 292(심곡동),032-723-5440,인천광역시 서구 서곶로 292(심곡동),126.67724837696,37.5433897728099,정좌표
48,48,인천소방본부,공단소방서,인천시 남동구 남동서로 208(고잔동),032-723-5512,인천광역시 남동구 남동서로 208(고잔동),126.693000514451,37.4081759334525,정좌표
49,49,인천소방본부,계양소방서,인천시 계양구 장제로 774(계산동),032-650-5611,인천광역시 계양구 장제로 774(계산동),126.735565402965,37.5371772419339,정좌표
50,50,인천소방본부,남부소방서,인천시 남구 인하로 190(주안동),032-870-3216,인천광역시 남구 인하로 190(주안동),126.669004588541,37.4484004872438,정좌표
51,51,인천소방본부,강화소방서,인천시 강화군 강화읍 남문로 23번길 11,032-930-5811,인천광역시 강화군 강화읍 남문로 23번길 11,126.487449568634,37.7396630805502,정좌표
52,52,인천소방본부,공항소방서,인천시 중구 공항서로 512번길 464(운서동),032-727-6110,인천광역시 중구 공항서로 512번길 464(운서동),126.402352550742,37.4595113427551,인근좌표
53,53,인천소방본부,송도소방서,인천시 연수구 송도동 208-1,032-810-6609,인천광역시 연수구 송도동 208-1,126.651578512256,37.3672744597134,정좌표
54,54,광주소방안전본부,동부소방서,광주광역시 동구 제봉로 210(대인동),062-613-8413,광주광역시 동구 제봉로 210(대인동),126.914553175723,35.154609676383,정좌표
55,55,광주소방안전본부,서부소방서,광주광역시 서구 화운로 197(화정동),062-613-8513,광주광역시 서구 화운로 197(화정동),126.876545834242,35.1565165193979,정좌표
56,56,광주소방안전본부,남부소방서,광주광역시 남구 송암로58번길 13(송하동),062-613-8613,광주광역시 남구 송암로58번길 13(송하동),126.878340127852,35.1105071635276,정좌표
57,57,광주소방안전본부,북부소방서,광주광역시 북구 서하로 290(오치동),062-613-8713,광주광역시 북구 서하로 290(오치동),126.912224298309,35.1867362547989,정좌표
58,58,광주소방안전본부,광산소방서,광주광역시 광산구 하남산단1번로 13(하남동),062-613-8813,광주광역시 광산구 하남산단1번로 13(하남동),126.796326748644,35.1861644872099,정좌표
59,59,대전소방본부,중부소방서,대전시 동구 태전로 134,042-609-6013,대전광역시 동구 태전로 134,127.421905253664,36.3403679571421,정좌표
60,60,대전소방본부,서부소방서,대전시 서구 갈마중로 15,042-609-6213,대전광역시 서구 갈마중로 15,127.371117690954,36.3479037814118,정좌표
61,61,대전소방본부,동부소방서,대전시 대덕구 계족로 682,042-609-6413,대전광역시 대덕구 계족로 682,127.428775697648,36.3726879648961,정좌표
62,62,대전소방본부,북부소방서,대전시 유성구 대덕대로 516,042-609-6613,대전광역시 유성구 대덕대로 516,127.378856423679,36.3792031218467,정좌표
63,63,대전소방본부,남부소방서,대전시 서구 북부서로 67,042-609-6813,대전광역시 서구 북부서로 67,127.340550474099,36.2775578118078,인근좌표
64,64,울산소방본부,중부소방서,울산광역시 중구 종가로 205,052-210-4420,울산광역시 중구 종가로 205,129.299310543705,35.5629508161566,정좌표
65,65,울산소방본부,남부소방서,울산광역시 남구 삼산중로 149,052-210-4720,울산광역시 남구 삼산중로 149,129.335437238168,35.5471310587961,정좌표
66,66,울산소방본부,동부소방서,울산광역시 동구 꽃바위2가길 9,052-279-6320,울산광역시 동구 꽃바위2가길 9,129.412591421481,35.4823509677435,정좌표
67,67,울산소방본부,온산소방서,울산광역시 울주군 온산읍 덕신로 232,052-241-6620,울산광역시 울주군 온산읍 덕신로 232,129.306632415912,35.433382640775,정좌표
68,68,세종소방본부,조치원소방서,세종특별자치시 조치원읍 세종로 2439,044-300-8119,세종특별자치시 조치원읍 세종로 2439,127.288913224767,36.6047990346054,정좌표
69,69,세종소방본부,세종소방서,세종특별자치시 어진동 610,044-300-8454,세종특별자치시 어진동 610,127.271752980549,36.504123913377,정좌표
70,70,경기재난안전본부,수원소방서,경기도 수원시 장안구 정자천로 189번길 12 ,031-8012-9212,경기도 수원시 장안구 정자천로 189번길 12 ,126.995993139674,37.2971991578539,정좌표
71,71,경기재난안전본부,성남소방서,경기도 성남시 수정구 제일로 111,031-720-0212,경기도 성남시 수정구 제일로 111,127.133433178913,37.4364295926771,정좌표
72,72,경기재난안전본부,분당소방서,경기도 성남시 분당구 양현로 14,031-8018-3212,경기도 성남시 분당구 양현로 14,127.119486972496,37.3860403913578,정좌표
73,73,경기재난안전본부,부천소방서,경기도 부천시 원미구 신흥로 115 ,031-650-4212,경기도 부천시 원미구 신흥로 115 ,126.777827962778,37.4932097311295,정좌표
74,74,경기재난안전본부,안양소방서,경기도 안양시 동안구 동안로 82 ,031-470-0212,경기도 안양시 동안구 동안로 82 ,126.955195396007,37.3867823146304,인근좌표
75,75,경기재난안전본부,안산소방서,경기도 안산시 단원구 화랑로 407,031-470-7212,경기도 안산시 단원구 화랑로 407,126.832951782978,37.3217235661047,정좌표
76,76,경기재난안전본부,용인소방서,경기도 용인시 처인구 명지로 75,031-8021-0212,경기도 용인시 처인구 명지로 75,127.188450093222,37.2294629930671,정좌표
77,77,경기재난안전본부,평택소방서,경기도 평택시 남부문예회관앞길 11,031-8053-6212,경기도 평택시 남부문예회관앞길 11,127.433049281431,37.1025803720011,인근좌표
78,78,경기재난안전본부,송탄소방서,경기도 평택시 경기대로 1637 ,031-685-8212,경기도 평택시 경기대로 1637 ,127.062058236186,37.0900540551189,인근좌표
79,79,경기재난안전본부,광명소방서,경기도 광명시 금하로 472,02-2610-3213,경기도 광명시 금하로 472,126.88521520719,37.4486864275472,정좌표
80,80,경기재난안전본부,시흥소방서,경기도 시흥시 정왕중앙로 64,031-310-0212,경기도 시흥시 정왕중앙로 64,127.199713296683,37.8927500627115,정좌표
81,81,경기재난안전본부,군포소방서,경기도 군포시 당산로 310,031-479-8212,경기도 군포시 당산로 310,126.93934699009,37.3697646632522,인근좌표
82,82,경기재난안전본부,화성소방서,경기도 화성시 향남읍 향남로 399,031-8012-6212,경기도 화성시 향남읍 향남로 399,126.920621285938,37.1310105018896,정좌표
83,83,경기재난안전본부,이천소방서,경기도 이천시 경충대로 2739,031-645-5212,경기도 이천시 경충대로 2739,127.431294360253,37.2820992897944,정좌표
84,84,경기재난안전본부,김포소방서,경기도 김포시 감암로 111,031-980-4212,경기도 김포시 감암로 111,126.70853566977,37.6415647165561,정좌표
85,85,경기재난안전본부,광주소방서,경기도 광주시 초월읍 무들로 112,031-799-2212,경기도 광주시 초월읍 무들로 112,127.299506083286,37.3855778086279,정좌표
86,86,경기재난안전본부,안성소방서,경기도 안성시 미양로 855,031-678-4212,경기도 안성시 미양로 855,127.255718815458,37.0004756435509,정좌표
87,87,경기재난안전본부,하남소방서,경기도 하남시 시청길 52,031-799-4212,경기도 하남시 시청길 52,127.280304086576,37.0073420099569,인근좌표
88,88,경기재난안전본부,의왕소방서,경기도 의왕시 오봉로 9,031-596-0212,경기도 의왕시 오봉로 9,126.974762404818,37.3442019014818,정좌표
89,89,경기재난안전본부,오산소방서,경기도 오산시 청학로 67,031-8059-7212,경기도 오산시 청학로 67,127.064634404582,37.1550196619629,정좌표
90,90,경기재난안전본부,여주소방서,경기도 여주시 우암로 110 ,031-887-7212,경기도 여주시 우암로 110 ,127.625960532511,37.2914087303953,정좌표
91,91,경기재난안전본부,양평소방서,경기도 양평군 양평읍 경강로 2047,031-770-0212,경기도 양평군 양평읍 경강로 2047,127.507339658147,37.5003383087525,정좌표
92,92,경기재난안전본부,과천소방서,경기도 과천시 통영길 8,02-331-4212,경기도 과천시 통영길 8,129.403684418382,36.5977243659288,인근좌표
93,93,경기북부소방재난본부,고양소방서,경기도 고양시 덕양구 고양대로 1342,031-931-0212,경기도 고양시 덕양구 고양대로 1342,126.833531629555,37.6548171400772,정좌표
94,94,경기북부소방재난본부,일산소방서,경기도 고양시 일산동구 중앙로 1325,031-930-0212,경기도 고양시 일산동구 중앙로 1325,126.76962652301,37.663281925407,정좌표
95,95,경기북부소방재난본부,의정부소방서,경기도 의정부시 의정로 48 ,031-849-7111,경기도 의정부시 의정로 48 ,127.0357888712,37.7373116873371,정좌표
96,96,경기북부소방재난본부,남양주소방서,경기도 남양주시 평내로 25 ,031-590-0212,경기도 남양주시 평내로 25 ,127.232240434152,37.6433220225028,정좌표
97,97,경기북부소방재난본부,파주소방서,경기도 파주시 파주읍 통일로1564,031-956-9212,경기도 파주시 파주읍 통일로1564,126.789974040238,37.8475313715969,정좌표
98,98,경기북부소방재난본부,구리소방서,경기도 구리시 아차산로 487번길 46,031-570-6214,경기도 구리시 아차산로 487번길 46,127.127833123057,37.598289419226,정좌표
99,99,경기북부소방재난본부,포천소방서,경기도 포천시 군내면 호국로 1538,031-538-5212,경기도 포천시 군내면 호국로 1538,127.202616271935,37.8913503171125,정좌표
100,100,경기북부소방재난본부,양주소방서,경기도 양주시 백석읍 꿈나무로 156,031-849-8435,경기도 양주시 백석읍 꿈나무로 156,126.989397922811,37.7958710296519,정좌표
101,101,경기북부소방재난본부,동두천소방서,경기도 동두천시 지행로 6(지행동),031-830-5504,경기도 동두천시 지행로 6(지행동),127.047601020587,37.892263750205,정좌표
102,102,경기북부소방재난본부,가평소방서,경기도 가평군 가평읍 가화로36,031-580-0212,경기도 가평군 가평읍 가화로36,127.516447439974,37.8232633131636,정좌표
103,103,경기북부소방재난본부,연천소방서,경기도 연천군 전곡읍 평화로 892,031-830-0212,경기도 연천군 전곡읍 평화로 892,127.069010423922,38.0481565554784,정좌표
104,104,강원소방본부,춘천소방서,강원도 춘천시 후석로 446,033-241-0119,강원도 춘천시 후석로 446,127.743321691362,37.8893811069601,정좌표
105,105,강원소방본부,원주소방서,강원도 원주시 남원로 487,033-763-4119,강원도 원주시 남원로 487,127.944423031508,37.3283397283574,정좌표
106,106,강원소방본부,강릉소방서,강원도 강릉시 선수촌로 64-28(홍제동),033-643-3119,강원도 강릉시 선수촌로 64-28(홍제동),128.872661829929,37.7570288036781,정좌표
107,107,강원소방본부,동해소방서,강원도 동해시 천곡로 120,033-533-2119,강원도 동해시 천곡로 120,129.118898233184,37.5245566732594,정좌표
108,108,강원소방본부,태백소방서,강원도 태백시 태백로 1120,033-553-1119,강원도 태백시 태백로 1120,128.989421304606,37.1581175814233,정좌표
109,109,강원소방본부,속초소방서,강원도 속초시 미시령로 3226,033-636-2119,강원도 속초시 미시령로 3226,128.560249058444,38.2032803714329,정좌표
110,110,강원소방본부,삼척소방서,강원도 삼척시 봉황로 101,033-572-9119,강원도 삼척시 봉황로 101,129.171313464601,37.4464963660703,정좌표
111,111,강원소방본부,홍천소방서,강원도 홍천군 홍천읍 공작산로 99,033-432-3119,강원도 홍천군 홍천읍 공작산로 99,127.902784850679,37.6916611560205,정좌표
112,112,강원소방본부,횡성소방서,강원도 횡성군 횡성읍 문예로 157,033-343-0119,강원도 횡성군 횡성읍 문예로 157,127.973961792477,37.4853794311027,정좌표
113,113,강원소방본부,영월소방서,강원도 영월군 영월읍 영월로 1863,033-373-1119,강원도 영월군 영월읍 영월로 1863,128.45837558996,37.1850307652301,정좌표
114,114,강원소방본부,평창소방서,강원도 평창군 평창읍 살구실길 10,033-339-9118,강원도 평창군 평창읍 살구실길 10,128.389301779013,37.3782385721797,정좌표
115,115,강원소방본부,정선소방서,강원도 정선군 정선읍 녹송로 27,033-563-0119,강원도 정선군 정선읍 녹송로 27,128.671902849736,37.3796649460256,정좌표
116,116,강원소방본부,철원소방서,강원도 철원군 갈말읍 태봉로 1504,033-452-7119,강원도 철원군 갈말읍 태봉로 1504,127.324210636073,38.1858432351025,정좌표
117,117,강원소방본부,인제소방서,강원도 인제군 인제읍 비봉로 44번길 71,033-460-9211,강원도 인제군 인제읍 비봉로 44번길 71,128.168633555161,38.0613538696572,정좌표
118,118,강원소방본부,고성소방서,강원도 고성군 간성읍 수성로 37-11,033-681-1119,강원도 고성군 간성읍 수성로 37-11,128.473885317207,38.3769108960005,정좌표
119,119,강원소방본부,양양소방서,강원도 양양군 양양읍 남대천로 33,033-671-0119,강원도 양양군 양양읍 남대천로 33,128.622504258124,38.0674092785278,정좌표
120,120,충북소방본부,청주동부소방서,충북 청주시 상당구 영운로 61,043-251-0114,충청북도 청주시 상당구 영운로 61,127.494865277547,36.6209875203366,정좌표
121,121,충북소방본부,청주서부소방서,충북 청주시 흥덕구 풍산로 64,043-249-9113,충청북도 청주시 흥덕구 풍산로 64,127.43705452981,36.627920487527,인근좌표
122,122,충북소방본부,충주소방서,충북 충주시 도매시장4길 9번,043-841-3115,충청북도 충주시 도매시장4길 9번,126.455849689564,36.7816205518453,정좌표
123,123,충북소방본부,제천소방서,충북 제천시 신죽하로 2164,043-641-7114,충청북도 제천시 신죽하로 2164,128.21175796544,37.1605113270916,인근좌표
124,124,충북소방본부,보은소방서,충북 보은군 보은읍 남부로 4415,043-773-0113,충청북도 보은군 보은읍 남부로 4415,127.722058851565,36.476975347073,정좌표
125,125,충북소방본부,옥천소방서,충북 옥천군 옥천읍 중앙로 132,043-730-1813,충청북도 옥천군 옥천읍 중앙로 132,127.574199302195,36.3079622304408,정좌표
126,126,충북소방본부,영동소방서,충북 영동군 영동읍 영동황간로 174,043-740-7013,충청북도 영동군 영동읍 영동황간로 174,127.789063602822,36.1656374195898,정좌표
127,127,충북소방본부,증평소방서,충북 증평군 충청대로 1789,043-830-0113,충청북도 증평군 충청대로 1789,127.58401888408,36.7879372259767,정좌표
128,128,충북소방본부,진천소방서,충북 진천군 진천읍 진광로 93,043-539-8113,충청북도 진천군 진천읍 진광로 93,127.441142541723,36.872667853403,정좌표
129,129,충북소방본부,괴산소방서,충북 괴산군 괴산읍 괴강로 69,043-760-0113,충청북도 괴산군 괴산읍 괴강로 69,127.801430435167,36.8075840941793,정좌표
130,130,충북소방본부,단양소방서,충북 단양군 단양읍 별곡리 산28-4,043-422-0119,충청북도 단양군 단양읍 별곡리 산28-4,128.355525524164,36.9883915065296,정좌표
131,131,충북소방본부,음성소방서,충북 음성군 금왕읍 응천서길 11,043-880-0113,충청북도 음성군 금왕읍 응천서길 11,127.594991916706,36.9893217979277,정좌표
132,132,충남소방본부,천안동남소방서,충남 천안시 동남구 천안대로 580,041-570-0211,충청남도 천안시 동남구 천안대로 580,127.164996381468,36.7999748428367,정좌표
133,133,충남소방본부,천안서북소방서,충청남도 천안시 서북구 직산읍 4산단 2길 32번지,041-360-0212,충청남도 천안시 서북구 직산읍 4산단 2길 32번지,127.116073079648,36.8625947600631,정좌표
134,134,충남소방본부,공주소방서,충남 공주시 봉황로 134,041-851-0211,충청남도 공주시 봉황로 134,127.121748688982,36.4580101369799,정좌표
135,135,충남소방본부,보령소방서,충남 보령시 대천로 122,041-930-0211,충청남도 보령시 대천로 122,126.605364913977,36.3562899276463,정좌표
136,136,충남소방본부,아산소방서,충남 아산시 문화로 293 ,041-538-0211,충청남도 아산시 문화로 293 ,127.016559061282,36.786674666299,정좌표
137,137,충남소방본부,서산소방서,충남 서산시 호수공원14로 26-4,041-689-0211,충청남도 서산시 호수공원14로 26-4,126.444905720561,36.7733029085093,정좌표
138,138,충남소방본부,논산소방서,충남 논산시 대학로 17 ,041-730-0211,충청남도 논산시 대학로 17 ,127.10038234526,36.1782816936354,정좌표
139,139,충남소방본부,계룡소방서,충남 계룡시 두마면 사계로 46,041-540-5212,충청남도 계룡시 두마면 사계로 46,127.264931154498,36.2681828399974,정좌표
140,140,충남소방본부,당진소방서,충남 당진시 역천로 838,041-350-5211,충청남도 당진시 역천로 838,126.617834074244,36.8859328215583,정좌표
141,141,충남소방본부,금산소방서,충남 금산군 금산읍 삼풍로 2,041-750-1211,충청남도 금산군 금산읍 삼풍로 2,127.480100274615,36.0999082997871,정좌표
142,142,충남소방본부,부여소방서,충남 부여군 규암면 계백로 17,041-830-0211,충청남도 부여군 규암면 계백로 17,126.882238623504,36.2749920525557,정좌표
143,143,충남소방본부,서천소방서,충남 서천군 장항읍 장항로 37,041-955-0211,충청남도 서천군 장항읍 장항로 37,126.683024887292,36.0134997591987,정좌표
144,144,충남소방본부,청양소방서,충남 청양군 청양읍 충절로 1187,041-940-7212,충청남도 청양군 청양읍 충절로 1187,126.792452039025,36.4516442015281,정좌표
145,145,충남소방본부,홍성소방서,충남 홍성군 홍성읍 충절로 741 ,041-630-0212,충청남도 홍성군 홍성읍 충절로 741 ,126.695865209938,36.5847606958779,정좌표
146,146,충남소방본부,예산소방서,충남 예산군 오가면 오가중앙로 111,041-330-4211,충청남도 예산군 오가면 오가중앙로 111,126.80181768129,36.6866622234139,정좌표
147,147,충남소방본부,태안소방서,충남 태안군 태안읍 동백로 100 ,041-671-0211,충청남도 태안군 태안읍 동백로 100 ,126.286116553128,36.7580227399203,정좌표
148,148,전북소방본부,전주덕진소방서,전라북도 전주시 덕진구 백제대로 611,063-250-4251,전라남도 전주시 덕진구 백제대로 611,127.136967078552,35.8423158089069,정좌표
149,149,전북소방본부,전주완산소방서,전라북도 전주시 완산구 거마평로 73,063-220-4251,전라남도 전주시 완산구 거마평로 73,127.116298025114,35.7989064508596,정좌표
150,150,전북소방본부,군산소방서,전라북도 군산시 번영로 308 ,063-450-0251,전라남도 군산시 번영로 308 ,126.751105732898,35.9628407439342,정좌표
151,151,전북소방본부,익산소방서,전라북도 익산시 무왕로 1338,063-839-3251,전라남도 익산시 무왕로 1338,127.005108603396,35.962240096547,정좌표
152,152,전북소방본부,정읍소방서,전라북도 정읍시 서부산업도로 507-3,063-570-1251,전라남도 정읍시 서부산업도로 507-3,126.859422802831,35.588458963643,인근좌표
153,153,전북소방본부,남원소방서,전라북도 남원시 요천로 1965,063-620-3751,전라남도 남원시 요천로 1965,127.416194048222,35.4368993753051,정좌표
154,154,전북소방본부,김제소방서,전라북도 김제시 벽성로 278,063-540-4251,전라남도 김제시 벽성로 278,126.870047431872,35.7989537533909,정좌표
155,155,전북소방본부,고창소방서,전라북도 고창군 고창읍 녹두로 1294,063-560-1251,전라남도 고창군 고창읍 녹두로 1294,126.688100727705,35.4324620478115,정좌표
156,156,전북소방본부,부안소방서,전라북도 부안군 행안면 변산로 86,063-580-1251,전라남도 부안군 행안면 변산로 86,126.711889855649,35.7297707994974,정좌표
157,157,전북소방본부,무진장소방서,전라북도 장수군 장계면 육십령로 136,063-350-6251,전라남도 장수군 장계면 육십령로 136,127.589529289475,35.7322553891738,정좌표
158,158,전남소방본부,목포소방서,전남 목포시 삼향천로 110,061-280-0900,전라남도 목포시 삼향천로 110,126.430251301106,34.809948841894,정좌표
159,159,전남소방본부,여수소방서,전남 여수시 망마로 20,061-680-0900,전라남도 여수시 망마로 20,127.665047055616,34.7598713411979,정좌표
160,160,전남소방본부,순천소방서,전남 순천시 서면 삼산로 281,061-750-0900,전라남도 순천시 서면 삼산로 281,127.504002015922,34.9866221424396,정좌표
161,161,전남소방본부,나주소방서,전남 나주시 예향로 4201,061-330-0900,전라남도 나주시 예향로 4201,126.709498515273,35.0278856519499,정좌표
162,162,전남소방본부,광양소방서,전남 광양시 중마중앙로 109,061-798-0900,전라남도 광양시 중마중앙로 109,127.697709159305,34.9400899417822,정좌표
163,163,전남소방본부,담양소방서,전남 담양군 담양읍 추성로 1232,061-380-0900,전라남도 담양군 담양읍 추성로 1232,126.973929373888,35.3183493470485,정좌표
164,164,전남소방본부,고흥소방서,전남 고흥군 풍양면 고흥로 1330,061-840-0900,전라남도 고흥군 풍양면 고흥로 1330,127.25593349072,34.5814344799182,정좌표
165,165,전남소방본부,보성소방서,전남 보성군 벌교읍 녹색로 5247,061-859-0900,전라남도 보성군 벌교읍 녹색로 5247,127.315489987415,34.8384656024886,정좌표
166,166,전남소방본부,화순소방서,전남 화순군 화순읍 학포로 2750,061-379-0900,전라남도 화순군 화순읍 학포로 2750,126.971166241179,35.0505403238271,정좌표
167,167,전남소방본부,강진소방서,전남 강진군 군동면 중앙로 223,061-430-0900,전라남도 강진군 군동면 중앙로 223,126.780882698239,34.6433009110125,정좌표
168,168,전남소방본부,해남소방서,전남 해남군 해남읍 교육청길 82,061-530-0900,전라남도 해남군 해남읍 교육청길 82,126.607588147475,34.5662544103814,정좌표
169,169,전남소방본부,영암소방서,전남 영암군 삼호읍 나불로 192,061-460-0900,전라남도 영암군 삼호읍 나불로 192,126.439287452192,34.7667216153318,정좌표
170,170,전남소방본부,무안소방서,전남 무안군 무안읍 공항골 133-9,061-450-0900,전라남도 무안군 무안읍 공항골 133-9,126.494373597761,35.0096135480475,정좌표
171,171,전남소방본부,함평소방서,전남 함평군 대동면 학동로386,061-338-0900,전라남도 함평군 대동면 학동로386,126.538978585139,35.0605429130945,정좌표
172,172,전남소방본부,영광소방서,전남 영광군 영광읍 함영로 3508,061-350-0900,전라남도 영광군 영광읍 함영로 3508,126.509109225357,35.263207507416,정좌표
173,173,경북소방본부,포항북부소방서,경북 포항시 북구 중앙로 332,054-260-2130,경상북도 포항시 북구 중앙로 332,129.366124363929,36.0425174655588,정좌표
174,174,경북소방본부,포항남부소방서,경북 포항시 남구 동해안로 5890,054-284-4117,경상북도 포항시 남구 동해안로 5890,129.418920181348,35.9933826391617,정좌표
175,175,경북소방본부,경주소방서,경북 경주시 알천남로 276,054-778-0512,경상북도 경주시 알천남로 276,129.228398464287,35.8440857291398,정좌표
176,176,경북소방본부,김천소방서,경북 김천시 황산로 67,054-436-1119,경상북도 김천시 황산로 67,128.138197280178,36.1169819814304,정좌표
177,177,경북소방본부,안동소방서 ,경북 안동시 육사로 301,054-855-8119,경상북도 안동시 육사로 301,128.737282196521,36.56104150868,정좌표
178,178,경북소방본부,구미소방서,경북 구미시 수출대로 112,054-461-1119,경상북도 구미시 수출대로 112,128.376521845683,36.1105438364721,정좌표
179,179,경북소방본부,영주소방서,경북 영주시 문수면 적서로 448번길 17,054-632-1190,경상북도 영주시 문수면 적서로 448번길 17,128.633123598857,36.7919783180698,정좌표
180,180,경북소방본부,영천소방서,경북 영천시 호국로 187,054-336-8000,경상북도 영천시 호국로 187,128.957886365402,35.9779216232633,정좌표
181,181,경북소방본부,상주소방서,경북 상주시 상산로 322,054-530-3714,경상북도 상주시 상산로 322,128.159953853881,36.4196337328875,정좌표
182,182,경북소방본부,문경소방서,경북 문경시 중앙로 305,054-559-1813,경상북도 문경시 중앙로 305,128.209546203462,36.6100890027799,정좌표
183,183,경북소방본부,경산소방서,경북 경산시 김유신로 12,053-811-1119,경상북도 경산시 김유신로 12,128.769710406876,35.8384630839573,정좌표
184,184,경북소방본부,의성소방서,경북 의성군 봉양면 경북대로 4741,054-830-7712,경상북도 의성군 봉양면 경북대로 4741,128.59897357347,36.3100817114961,정좌표
185,185,경북소방본부,영덕소방서,경북 영덕군 영덕읍 경동로 8401,054-730-1512,경상북도 영덕군 영덕읍 경동로 8401,129.371004817794,36.4167049017411,정좌표
186,186,경북소방본부,청도소방서,경북 청도군 청도읍 중앙로 192-34,054-370-8212,경상북도 청도군 청도읍 중앙로 192-34,128.763173032098,35.6482120738573,정좌표
187,187,경북소방본부,고령소방서,경북 고령군 고령읍 벽화길 18,054-954-4119,경상북도 고령군 고령읍 벽화길 18,128.268485045439,35.7239223263209,정좌표
188,188,경북소방본부,성주소방서,경북 성주군 성주읍 주산로 193,054-933-5119,경상북도 성주군 성주읍 주산로 193,128.304632872302,35.9340274400385,정좌표
189,189,경북소방본부,칠곡소방서,경북 칠곡군 기산면 칠곡대로 1216,054-976-7001,경상북도 칠곡군 기산면 칠곡대로 1216,128.388069526556,35.99564044792,정좌표
190,190,경북소방본부,울진소방서 ,경북 울진군 울진읍 울진북로 508,054-780-1312,경상북도 울진군 울진읍 울진북로 508,129.394589476559,36.9934567110555,정좌표
191,191,경남소방본부,진주소방서,경남 진주시 동진로 249,055-760-9212,경상남도 진주시 동진로 249,128.118286035062,35.1806003927529,정좌표
192,192,경남소방본부,통영소방서,경남 통영시 광도면 죽림4로 49,055-640-9212,경상남도 통영시 광도면 죽림4로 49,128.419017189386,34.8835306697962,정좌표
193,193,경남소방본부,사천소방서,경남 사천시 남일로 29,055-830-9212,경상남도 사천시 남일로 29,128.079950499372,34.9333693752375,정좌표
194,194,경남소방본부,김해동부소방서,경남 김해시 김해대로 2507,055-320-9212,경상남도 김해시 김해대로 2507,128.900932372547,35.2290809157214,정좌표
195,195,경남소방본부,김해서부소방서,경남 김해시 장유로 341,055-344-9212,경상남도 김해시 장유로 341,128.817384416819,35.1965776456812,정좌표
196,196,경남소방본부,밀양소방서,경남 밀양시 밀양대로 1760,055-350-9212,경상남도 밀양시 밀양대로 1760,128.753399053037,35.4831385351415,정좌표
197,197,경남소방본부,거제소방서,경남 거제시 진목로 1,055-689-9212,경상남도 거제시 진목로 1,128.686318921931,34.8959484998726,정좌표
198,198,경남소방본부,양산소방서,경남 양산시 물금읍 황산로 719,055-379-9212,경상남도 양산시 물금읍 황산로 719,129.010450483193,35.3342287352937,정좌표
199,199,경남소방본부,의령소방서,경남 의령군 의령읍 남산로 7-12,055-570-9212,경상남도 의령군 의령읍 남산로 7-12,128.266995772106,35.318113909117,인근좌표
200,200,경남소방본부,함안소방서,경남 함안군 가야읍 선왕길 59,055-580-9212,경상남도 함안군 가야읍 선왕길 59,128.399986194819,35.2862025276639,정좌표
201,201,경남소방본부,창녕소방서,경남 창녕군 대지면 우포2로 1097,055-259-9212,경상남도 창녕군 대지면 우포2로 1097,128.479127915588,35.550448498934,정좌표
202,202,경남소방본부,고성소방서,경남 고성군 고성읍 남해안대로 2670,055-670-9212,경상남도 고성군 고성읍 남해안대로 2670,128.33084850765,34.9811306595614,정좌표
203,203,경남소방본부,남해소방서,경남 남해군 남해읍 스포츠로 81,055-860-9212,경상남도 남해군 남해읍 스포츠로 81,127.892687568192,34.8295886647999,정좌표
204,204,경남소방본부,하동소방서,경남 하동군 금성면 금성로 15,055-880-9212,경상남도 하동군 금성면 금성로 15,127.795542084099,34.9778830738015,정좌표
205,205,경남소방본부,산청소방서,경남 산청군 산청읍 물안실로 8,055-970-9212,경상남도 산청군 산청읍 물안실로 8,127.900536705031,35.4056557235962,정좌표
206,206,경남소방본부,함양소방서,경남 함양군 함양읍 함양로 1179,055-960-9212,경상남도 함양군 함양읍 함양로 1179,127.728401697605,35.5242431435334,정좌표
207,207,경남소방본부,거창소방서,경남 거창군 거창읍 거함대로 3324,055-940-9212,경상남도 거창군 거창읍 거함대로 3324,127.923312833827,35.6777978598445,정좌표
208,208,경남소방본부,합천소방서,경남 합천군 합천읍 인덕로 2453,055-930-9212,경상남도 합천군 합천읍 인덕로 2453,128.148250271716,35.5729930645806,정좌표
209,209,제주소방본부,제주소방서,제주특별자치도 제주시 중앙로 342(이도이동),064-729-0134,제주특별자치도 제주시 중앙로 342(이도이동),126.536659805193,33.4908891305695,정좌표
210,210,제주소방본부,서귀포소방서,제주특별자치도 서귀포시 동홍로 31(동홍동),064-730-7133,제주특별자치도 서귀포시 동홍로 31(동홍동),126.567165154542,33.2510112861539,정좌표
211,211,제주소방본부,서부소방서,제주특별자치도 제주시 한림읍 한림중앙로 150,064-795-0134,제주특별자치도 제주시 한림읍 한림중앙로 150,126.270278343074,33.4025229868172,정좌표
212,212,제주소방본부,동부소방서,제주특별자치도 서귀포시 성산읍 일주동로 4120번길 7,064-780-9133,제주특별자치도 서귀포시 성산읍 일주동로 4120번길 7,126.909727607436,33.4600147460067,정좌표
213,213,창원소방본부,창원소방본부(진해소방서),경상남도 창원시 진해구 백구로 72,055-548-9212,경상남도 창원시 진해구 백구로 72,128.658527966844,35.1509707793594,정좌표
214,214,창원소방본부,창원소방서,경상남도 창원시 의창구 상남로 165,055-211-9212,경상남도 창원시 의창구 상남로 165,128.68558693095,35.2274699437222,정좌표
215,215,창원소방본부,마산소방서,경상남도 창원시 마산합포구 제2부두로 55,055-249-9212,경상남도 창원시 마산합포구 제2부두로 55,128.574764416692,35.1981177584711,정좌표
